date,memory_kb
2023-08-23T12:41:37.0Z,0
2023-08-23T12:41:38.0Z,4096
2023-08-23T12:41:39.0Z,69632
2023-08-23T12:41:40.0Z,174108
2023-08-23T12:41:41.0Z,230016
2023-08-23T12:41:42.0Z,230028
2023-08-23T12:41:43.0Z,277140
2023-08-23T12:41:44.0Z,361272
2023-08-23T12:41:45.0Z,392324
2023-08-23T12:41:46.0Z,396476
2023-08-23T12:41:47.0Z,396476
2023-08-23T12:41:48.0Z,396480
2023-08-23T12:41:49.0Z,396488
2023-08-23T12:41:50.0Z,402660
2023-08-23T12:41:51.0Z,492864
2023-08-23T12:41:52.0Z,492912
2023-08-23T12:41:53.0Z,492912
2023-08-23T12:41:54.0Z,492912
2023-08-23T12:41:55.0Z,535932
2023-08-23T12:41:56.0Z,608772
2023-08-23T12:41:57.0Z,685848
2023-08-23T12:41:58.0Z,912724
2023-08-23T12:41:59.0Z,912724
2023-08-23T12:42:00.0Z,912724
2023-08-23T12:42:01.0Z,912724
2023-08-23T12:42:02.0Z,914868
2023-08-23T12:42:03.0Z,914868
2023-08-23T12:42:05.0Z,914868
2023-08-23T12:42:06.0Z,914872
2023-08-23T12:42:07.0Z,914872
2023-08-23T12:42:08.0Z,914872
2023-08-23T12:42:09.0Z,914876
2023-08-23T12:42:10.0Z,914876
2023-08-23T12:42:11.0Z,914876
2023-08-23T12:42:12.0Z,914876
2023-08-23T12:42:13.0Z,914876
2023-08-23T12:42:14.0Z,914876
2023-08-23T12:42:15.0Z,914876
2023-08-23T12:42:16.0Z,914876
2023-08-23T12:42:17.0Z,914876
2023-08-23T12:42:18.0Z,914876
2023-08-23T12:42:19.0Z,914876
2023-08-23T12:42:20.0Z,914876
2023-08-23T12:42:21.0Z,914876
2023-08-23T12:42:22.0Z,914876
2023-08-23T12:42:23.0Z,914876
2023-08-23T12:42:24.0Z,914876
2023-08-23T12:42:25.0Z,914876
2023-08-23T12:42:26.0Z,914876
2023-08-23T12:42:27.0Z,914876
2023-08-23T12:42:28.0Z,914876
2023-08-23T12:42:29.0Z,914876
2023-08-23T12:42:30.0Z,914876
2023-08-23T12:42:31.0Z,914876
2023-08-23T12:42:32.0Z,914876
2023-08-23T12:42:33.0Z,914876
2023-08-23T12:42:34.0Z,914876
